"fid","filedata","name","tid","type"
11,16500,aSiUOsARCsBlank diagram (1).pdf,"17",application/pdf
10,16507,nYtPtEyrftplanning-des-CP2_2022_2023_S2.pdf,"23",application/pdf
15,16508,PsAomKLFEqplanning-des-CP2_2022_2023_S2.pdf,"19",application/pdf
16,16511,rdkKkgongqplanning-des-CP2_2022_2023_S2.pdf,"12",application/pdf
17,16531,RGrHcHnSwZplanning-des-CP2_2022_2023_S2.pdf,"22",application/pdf
18,16532,HfVRJrfbSeplanning-des-CP2_2022_2023_S2.pdf,"18",application/pdf
19,16551,qZycKprKeuBlank diagram (6).pdf,"21",application/pdf
14,16552,LDgjJNVRAvBlank diagram (6).pdf,"20",application/pdf
20,16554,darireydUgBlank diagram (6).pdf,"26",application/pdf
21,16557,dvvofZsIMtBlank diagram (1).pdf,"27",application/pdf
